{"Sydney, Australia": [-33.8698439, 151.2082848], "California, United States": [36.7014631, -118.755997], "Georgia, United States": [32.3293809, -83.1137366], "Calfornia, United States": [38.2512492, -122.7947881], "New York, United States": [40.7127281, -74.0060152]}